,,,"Number of deaths attributed to non-communicable diseases, by type of disease and sex","Number of deaths attributed to non-communicable diseases, by type of disease and sex","Number of deaths attributed to non-communicable diseases, by type of disease and sex"
"Country","Year","Causes","Both sexes","Male","Female"
"Afghanistan","2016","Malignant neoplasms","19965","10702","9263"
"Afghanistan","2016","Diabetes mellitus","7056","2437","4620"
"Afghanistan","2016","Cardiovascular diseases","51244","26828","24416"
"Afghanistan","2016","Chronic obstructive pulmonary disease","6715","3560","3154"
"Albania","2016","Malignant neoplasms","5138","2903","2235"
"Albania","2016","Diabetes mellitus","168","89","79"
"Albania","2016","Cardiovascular diseases","14930","8095","6835"
"Albania","2016","Chronic obstructive pulmonary disease","887","573","314"
"Algeria","2016","Malignant neoplasms","25166","12619","12547"
"Algeria","2016","Diabetes mellitus","8390","3985","4405"
"Algeria","2016","Cardiovascular diseases","69173","34779","34394"
"Algeria","2016","Chronic obstructive pulmonary disease","5965","3471","2493"
"Angola","2016","Malignant neoplasms","8455","3952","4503"
"Angola","2016","Diabetes mellitus","2379","1362","1017"
"Angola","2016","Cardiovascular diseases","22541","9979","12563"
"Angola","2016","Chronic obstructive pulmonary disease","3602","1558","2045"
"Antigua and Barbuda","2016","Malignant neoplasms","134","72","62"
"Antigua and Barbuda","2016","Diabetes mellitus","53","24","29"
"Antigua and Barbuda","2016","Cardiovascular diseases","212","104","108"
"Antigua and Barbuda","2016","Chronic obstructive pulmonary disease","28","15","13"
"Argentina","2016","Malignant neoplasms","65657","34104","31554"
"Argentina","2016","Diabetes mellitus","9233","4837","4395"
"Argentina","2016","Cardiovascular diseases","91028","45216","45812"
"Argentina","2016","Chronic obstructive pulmonary disease","34425","16792","17633"
"Armenia","2016","Malignant neoplasms","7953","4399","3554"
"Armenia","2016","Diabetes mellitus","1093","431","662"
"Armenia","2016","Cardiovascular diseases","12288","5813","6475"
"Armenia","2016","Chronic obstructive pulmonary disease","1156","625","530"
"Australia","2016","Malignant neoplasms","45749","25603","20146"
"Australia","2016","Diabetes mellitus","4754","2493","2261"
"Australia","2016","Cardiovascular diseases","44042","21392","22650"
"Australia","2016","Chronic obstructive pulmonary disease","11738","6234","5504"
"Austria","2016","Malignant neoplasms","20899","11202","9697"
"Austria","2016","Diabetes mellitus","3402","1574","1828"
"Austria","2016","Cardiovascular diseases","33017","14328","18689"
"Austria","2016","Chronic obstructive pulmonary disease","4108","2230","1878"
"Azerbaijan","2016","Malignant neoplasms","10136","5900","4236"
"Azerbaijan","2016","Diabetes mellitus","1475","635","840"
"Azerbaijan","2016","Cardiovascular diseases","32390","16567","15823"
"Azerbaijan","2016","Chronic obstructive pulmonary disease","1911","991","920"
"Bahamas","2016","Malignant neoplasms","532","286","246"
"Bahamas","2016","Diabetes mellitus","119","51","68"
"Bahamas","2016","Cardiovascular diseases","727","359","368"
"Bahamas","2016","Chronic obstructive pulmonary disease","40","26","15"
"Bahrain","2016","Malignant neoplasms","456","249","207"
"Bahrain","2016","Diabetes mellitus","404","220","184"
"Bahrain","2016","Cardiovascular diseases","775","458","317"
"Bahrain","2016","Chronic obstructive pulmonary disease","96","55","42"
"Bangladesh","2016","Malignant neoplasms","99620","54768","44852"
"Bangladesh","2016","Diabetes mellitus","28065","11516","16549"
"Bangladesh","2016","Cardiovascular diseases","257555","134721","122834"
"Bangladesh","2016","Chronic obstructive pulmonary disease","82293","47491","34803"
"Barbados","2016","Malignant neoplasms","732","394","338"
"Barbados","2016","Diabetes mellitus","286","118","168"
"Barbados","2016","Cardiovascular diseases","947","450","498"
"Barbados","2016","Chronic obstructive pulmonary disease","114","65","48"
"Belarus","2016","Malignant neoplasms","18808","10684","8124"
"Belarus","2016","Diabetes mellitus","404","157","247"
"Belarus","2016","Cardiovascular diseases","73656","32704","40951"
"Belarus","2016","Chronic obstructive pulmonary disease","2172","1578","593"
"Belgium","2016","Malignant neoplasms","28807","16036","12771"
"Belgium","2016","Diabetes mellitus","1683","754","929"
"Belgium","2016","Cardiovascular diseases","30963","13936","17026"
"Belgium","2016","Chronic obstructive pulmonary disease","8648","4743","3905"
"Belize","2016","Malignant neoplasms","287","168","120"
"Belize","2016","Diabetes mellitus","160","71","89"
"Belize","2016","Cardiovascular diseases","514","290","224"
"Belize","2016","Chronic obstructive pulmonary disease","65","47","18"
"Benin","2016","Malignant neoplasms","3918","1715","2203"
"Benin","2016","Diabetes mellitus","1515","620","895"
"Benin","2016","Cardiovascular diseases","13423","6085","7337"
"Benin","2016","Chronic obstructive pulmonary disease","2381","1184","1197"
"Bhutan","2016","Malignant neoplasms","458","258","200"
"Bhutan","2016","Diabetes mellitus","207","87","120"
"Bhutan","2016","Cardiovascular diseases","1330","717","612"
"Bhutan","2016","Chronic obstructive pulmonary disease","419","220","199"
"Bolivia (Plurinational State of)","2016","Malignant neoplasms","7948","3462","4486"
"Bolivia (Plurinational State of)","2016","Diabetes mellitus","2867","1264","1603"
"Bolivia (Plurinational State of)","2016","Cardiovascular diseases","16707","8834","7873"
"Bolivia (Plurinational State of)","2016","Chronic obstructive pulmonary disease","3304","1800","1504"
"Bosnia and Herzegovina","2016","Malignant neoplasms","7262","4307","2955"
"Bosnia and Herzegovina","2016","Diabetes mellitus","2552","1040","1511"
"Bosnia and Herzegovina","2016","Cardiovascular diseases","20279","9298","10982"
"Bosnia and Herzegovina","2016","Chronic obstructive pulmonary disease","1448","868","580"
"Botswana","2016","Malignant neoplasms","1099","577","522"
"Botswana","2016","Diabetes mellitus","977","396","581"
"Botswana","2016","Cardiovascular diseases","2910","1239","1671"
"Botswana","2016","Chronic obstructive pulmonary disease","612","373","239"
"Brazil","2016","Malignant neoplasms","233851","125107","108743"
"Brazil","2016","Diabetes mellitus","65381","29802","35579"
"Brazil","2016","Cardiovascular diseases","369072","195757","173315"
"Brazil","2016","Chronic obstructive pulmonary disease","84749","45156","39593"
"Brunei Darussalam","2016","Malignant neoplasms","402","215","187"
"Brunei Darussalam","2016","Diabetes mellitus","140","73","67"
"Brunei Darussalam","2016","Cardiovascular diseases","472","257","216"
"Brunei Darussalam","2016","Chronic obstructive pulmonary disease","99","52","46"
"Bulgaria","2016","Malignant neoplasms","19367","11413","7954"
"Bulgaria","2016","Diabetes mellitus","1585","688","897"
"Bulgaria","2016","Cardiovascular diseases","67831","32262","35569"
"Bulgaria","2016","Chronic obstructive pulmonary disease","4612","2838","1774"
"Burkina Faso","2016","Malignant neoplasms","7307","2919","4388"
"Burkina Faso","2016","Diabetes mellitus","2105","1054","1051"
"Burkina Faso","2016","Cardiovascular diseases","20377","8802","11575"
"Burkina Faso","2016","Chronic obstructive pulmonary disease","2416","1115","1301"
"Burundi","2016","Malignant neoplasms","6585","2922","3664"
"Burundi","2016","Diabetes mellitus","1251","768","482"
"Burundi","2016","Cardiovascular diseases","11079","5412","5667"
"Burundi","2016","Chronic obstructive pulmonary disease","2005","1046","959"
"Cabo Verde","2016","Malignant neoplasms","310","140","170"
"Cabo Verde","2016","Diabetes mellitus","134","40","94"
"Cabo Verde","2016","Cardiovascular diseases","1059","476","583"
"Cabo Verde","2016","Chronic obstructive pulmonary disease","114","54","60"
"Cambodia","2016","Malignant neoplasms","13067","6710","6357"
"Cambodia","2016","Diabetes mellitus","2192","837","1355"
"Cambodia","2016","Cardiovascular diseases","22536","9744","12792"
"Cambodia","2016","Chronic obstructive pulmonary disease","3817","2103","1714"
"Cameroon","2016","Malignant neoplasms","11576","5576","5999"
"Cameroon","2016","Diabetes mellitus","4567","1995","2572"
"Cameroon","2016","Cardiovascular diseases","28623","14028","14596"
"Cameroon","2016","Chronic obstructive pulmonary disease","5323","2870","2454"
"Canada","2016","Malignant neoplasms","78306","41065","37241"
"Canada","2016","Diabetes mellitus","6941","3751","3191"
"Canada","2016","Cardiovascular diseases","63683","32350","31333"
"Canada","2016","Chronic obstructive pulmonary disease","18610","9605","9005"
"Central African Republic","2016","Malignant neoplasms","2397","1139","1258"
"Central African Republic","2016","Diabetes mellitus","642","371","271"
"Central African Republic","2016","Cardiovascular diseases","6817","3008","3809"
"Central African Republic","2016","Chronic obstructive pulmonary disease","1109","503","606"
"Chad","2016","Malignant neoplasms","5325","2422","2903"
"Chad","2016","Diabetes mellitus","1848","768","1081"
"Chad","2016","Cardiovascular diseases","17615","8620","8995"
"Chad","2016","Chronic obstructive pulmonary disease","3118","1669","1449"
"Chile","2016","Malignant neoplasms","27958","14579","13379"
"Chile","2016","Diabetes mellitus","5171","2450","2722"
"Chile","2016","Cardiovascular diseases","29698","15050","14647"
"Chile","2016","Chronic obstructive pulmonary disease","7064","3615","3449"
"China","2016","Malignant neoplasms","2369538","1566574","802964"
"China","2016","Diabetes mellitus","167267","68340","98927"
"China","2016","Cardiovascular diseases","4475660","2252404","2223257"
"China","2016","Chronic obstructive pulmonary disease","938227","509554","428674"
"Colombia","2016","Malignant neoplasms","56239","28003","28237"
"Colombia","2016","Diabetes mellitus","9732","4538","5195"
"Colombia","2016","Cardiovascular diseases","83987","45244","38743"
"Colombia","2016","Chronic obstructive pulmonary disease","18272","9634","8638"
"Comoros","2016","Malignant neoplasms","467","204","263"
"Comoros","2016","Diabetes mellitus","135","76","59"
"Comoros","2016","Cardiovascular diseases","989","511","477"
"Comoros","2016","Chronic obstructive pulmonary disease","128","71","57"
"Congo","2016","Malignant neoplasms","1814","953","862"
"Congo","2016","Diabetes mellitus","659","335","323"
"Congo","2016","Cardiovascular diseases","5516","2272","3245"
"Congo","2016","Chronic obstructive pulmonary disease","810","314","495"
"Costa Rica","2016","Malignant neoplasms","5774","3145","2630"
"Costa Rica","2016","Diabetes mellitus","916","423","493"
"Costa Rica","2016","Cardiovascular diseases","7227","3931","3296"
"Costa Rica","2016","Chronic obstructive pulmonary disease","1610","831","779"
"C么te d'Ivoire","2016","Malignant neoplasms","10442","5407","5035"
"C么te d'Ivoire","2016","Diabetes mellitus","5598","2393","3204"
"C么te d'Ivoire","2016","Cardiovascular diseases","42677","22687","19990"
"C么te d'Ivoire","2016","Chronic obstructive pulmonary disease","6501","3723","2778"
"Croatia","2016","Malignant neoplasms","14151","8150","6001"
"Croatia","2016","Diabetes mellitus","1904","775","1129"
"Croatia","2016","Cardiovascular diseases","23084","9990","13094"
"Croatia","2016","Chronic obstructive pulmonary disease","2016","1152","863"
"Cuba","2016","Malignant neoplasms","24510","14237","10273"
"Cuba","2016","Diabetes mellitus","2388","973","1415"
"Cuba","2016","Cardiovascular diseases","35062","18336","16725"
"Cuba","2016","Chronic obstructive pulmonary disease","5563","2922","2641"
"Cyprus","2016","Malignant neoplasms","1929","1161","768"
"Cyprus","2016","Diabetes mellitus","591","287","304"
"Cyprus","2016","Cardiovascular diseases","2825","1462","1364"
"Cyprus","2016","Chronic obstructive pulmonary disease","730","401","330"
"Czechia","2016","Malignant neoplasms","27725","15381","12343"
"Czechia","2016","Diabetes mellitus","3818","1728","2090"
"Czechia","2016","Cardiovascular diseases","47334","22106","25228"
"Czechia","2016","Chronic obstructive pulmonary disease","4680","2768","1912"
"Democratic People's Republic of Korea","2016","Malignant neoplasms","42483","21705","20778"
"Democratic People's Republic of Korea","2016","Diabetes mellitus","3182","1465","1717"
"Democratic People's Republic of Korea","2016","Cardiovascular diseases","88090","46015","42075"
"Democratic People's Republic of Korea","2016","Chronic obstructive pulmonary disease","31558","15056","16502"
"Democratic Republic of the Congo","2016","Malignant neoplasms","38769","18927","19841"
"Democratic Republic of the Congo","2016","Diabetes mellitus","7985","5078","2906"
"Democratic Republic of the Congo","2016","Cardiovascular diseases","76221","32935","43285"
"Democratic Republic of the Congo","2016","Chronic obstructive pulmonary disease","13680","5337","8343"
"Denmark","2016","Malignant neoplasms","16506","8704","7801"
"Denmark","2016","Diabetes mellitus","1485","833","651"
"Denmark","2016","Cardiovascular diseases","12484","6279","6204"
"Denmark","2016","Chronic obstructive pulmonary disease","4760","2302","2458"
"Djibouti","2016","Malignant neoplasms","549","239","310"
"Djibouti","2016","Diabetes mellitus","185","109","76"
"Djibouti","2016","Cardiovascular diseases","1395","725","669"
"Djibouti","2016","Chronic obstructive pulmonary disease","163","97","65"
"Dominican Republic","2016","Malignant neoplasms","10479","5785","4693"
"Dominican Republic","2016","Diabetes mellitus","2453","1144","1309"
"Dominican Republic","2016","Cardiovascular diseases","22897","12249","10648"
"Dominican Republic","2016","Chronic obstructive pulmonary disease","1699","962","738"
"Ecuador","2016","Malignant neoplasms","13973","6730","7243"
"Ecuador","2016","Diabetes mellitus","6507","3002","3504"
"Ecuador","2016","Cardiovascular diseases","19848","10531","9316"
"Ecuador","2016","Chronic obstructive pulmonary disease","4360","2444","1916"
"Egypt","2016","Malignant neoplasms","77673","42804","34868"
"Egypt","2016","Diabetes mellitus","17851","8858","8993"
"Egypt","2016","Cardiovascular diseases","245904","122008","123896"
"Egypt","2016","Chronic obstructive pulmonary disease","25909","15081","10828"
"El Salvador","2016","Malignant neoplasms","6605","2845","3760"
"El Salvador","2016","Diabetes mellitus","2270","878","1392"
"El Salvador","2016","Cardiovascular diseases","9790","4906","4884"
"El Salvador","2016","Chronic obstructive pulmonary disease","1236","587","649"
"Equatorial Guinea","2016","Malignant neoplasms","475","241","234"
"Equatorial Guinea","2016","Diabetes mellitus","290","185","105"
"Equatorial Guinea","2016","Cardiovascular diseases","1496","769","727"
"Equatorial Guinea","2016","Chronic obstructive pulmonary disease","220","100","121"
"Eritrea","2016","Malignant neoplasms","2715","1052","1663"
"Eritrea","2016","Diabetes mellitus","865","506","359"
"Eritrea","2016","Cardiovascular diseases","6617","3358","3258"
"Eritrea","2016","Chronic obstructive pulmonary disease","1020","611","410"
"Estonia","2016","Malignant neoplasms","3959","2122","1837"
"Estonia","2016","Diabetes mellitus","152","60","93"
"Estonia","2016","Cardiovascular diseases","7840","3094","4746"
"Estonia","2016","Chronic obstructive pulmonary disease","345","229","116"
"Eswatini","2016","Malignant neoplasms","742","389","353"
"Eswatini","2016","Diabetes mellitus","739","284","456"
"Eswatini","2016","Cardiovascular diseases","1648","663","986"
"Eswatini","2016","Chronic obstructive pulmonary disease","402","233","169"
"Ethiopia","2016","Malignant neoplasms","50913","18916","31998"
"Ethiopia","2016","Diabetes mellitus","13028","7629","5399"
"Ethiopia","2016","Cardiovascular diseases","109500","56163","53336"
"Ethiopia","2016","Chronic obstructive pulmonary disease","15460","8304","7156"
"Fiji","2016","Malignant neoplasms","613","276","338"
"Fiji","2016","Diabetes mellitus","1440","756","684"
"Fiji","2016","Cardiovascular diseases","2183","1372","811"
"Fiji","2016","Chronic obstructive pulmonary disease","336","212","124"
"Finland","2016","Malignant neoplasms","12374","6599","5775"
"Finland","2016","Diabetes mellitus","510","275","235"
"Finland","2016","Cardiovascular diseases","19060","9389","9671"
"Finland","2016","Chronic obstructive pulmonary disease","1742","1112","630"
"France","2016","Malignant neoplasms","173396","99394","74002"
"France","2016","Diabetes mellitus","12375","6184","6191"
"France","2016","Cardiovascular diseases","143401","65337","78064"
"France","2016","Chronic obstructive pulmonary disease","31072","16639","14433"
"Gabon","2016","Malignant neoplasms","757","402","355"
"Gabon","2016","Diabetes mellitus","394","218","177"
"Gabon","2016","Cardiovascular diseases","2518","1076","1442"
"Gabon","2016","Chronic obstructive pulmonary disease","311","141","170"
"Gambia","2016","Malignant neoplasms","587","337","250"
"Gambia","2016","Diabetes mellitus","202","89","112"
"Gambia","2016","Cardiovascular diseases","2259","1186","1073"
"Gambia","2016","Chronic obstructive pulmonary disease","352","183","169"
"Georgia","2016","Malignant neoplasms","7040","3830","3210"
"Georgia","2016","Diabetes mellitus","1329","644","685"
"Georgia","2016","Cardiovascular diseases","36308","16906","19403"
"Georgia","2016","Chronic obstructive pulmonary disease","2190","1263","927"
"Germany","2016","Malignant neoplasms","235379","129084","106295"
"Germany","2016","Diabetes mellitus","24764","11231","13533"
"Germany","2016","Cardiovascular diseases","343531","154581","188950"
"Germany","2016","Chronic obstructive pulmonary disease","58839","31552","27287"
"Ghana","2016","Malignant neoplasms","11923","6005","5917"
"Ghana","2016","Diabetes mellitus","5693","2985","2708"
"Ghana","2016","Cardiovascular diseases","42231","13309","28922"
"Ghana","2016","Chronic obstructive pulmonary disease","4887","2374","2514"
"Greece","2016","Malignant neoplasms","31408","19150","12258"
"Greece","2016","Diabetes mellitus","1769","889","880"
"Greece","2016","Cardiovascular diseases","46098","21282","24816"
"Greece","2016","Chronic obstructive pulmonary disease","10499","5272","5227"
"Grenada","2016","Malignant neoplasms","155","84","71"
"Grenada","2016","Diabetes mellitus","82","36","46"
"Grenada","2016","Cardiovascular diseases","248","116","133"
"Grenada","2016","Chronic obstructive pulmonary disease","20","9","11"
"Guatemala","2016","Malignant neoplasms","7993","3603","4390"
"Guatemala","2016","Diabetes mellitus","6628","2665","3963"
"Guatemala","2016","Cardiovascular diseases","13841","6767","7074"
"Guatemala","2016","Chronic obstructive pulmonary disease","2756","1439","1317"
"Guinea","2016","Malignant neoplasms","4921","2432","2489"
"Guinea","2016","Diabetes mellitus","2105","783","1321"
"Guinea","2016","Cardiovascular diseases","17388","7870","9518"
"Guinea","2016","Chronic obstructive pulmonary disease","3004","1515","1488"
"Guinea-Bissau","2016","Malignant neoplasms","719","333","387"
"Guinea-Bissau","2016","Diabetes mellitus","258","94","164"
"Guinea-Bissau","2016","Cardiovascular diseases","2080","922","1157"
"Guinea-Bissau","2016","Chronic obstructive pulmonary disease","325","168","157"
"Guyana","2016","Malignant neoplasms","548","230","319"
"Guyana","2016","Diabetes mellitus","546","234","312"
"Guyana","2016","Cardiovascular diseases","2258","1156","1102"
"Guyana","2016","Chronic obstructive pulmonary disease","191","118","73"
"Haiti","2016","Malignant neoplasms","6824","3293","3530"
"Haiti","2016","Diabetes mellitus","3994","1398","2597"
"Haiti","2016","Cardiovascular diseases","26617","12642","13974"
"Haiti","2016","Chronic obstructive pulmonary disease","3143","1855","1288"
"Honduras","2016","Malignant neoplasms","5502","2535","2968"
"Honduras","2016","Diabetes mellitus","842","269","573"
"Honduras","2016","Cardiovascular diseases","9886","6088","3799"
"Honduras","2016","Chronic obstructive pulmonary disease","1678","653","1025"
"Hungary","2016","Malignant neoplasms","33009","18049","14960"
"Hungary","2016","Diabetes mellitus","2789","1267","1522"
"Hungary","2016","Cardiovascular diseases","61463","27329","34135"
"Hungary","2016","Chronic obstructive pulmonary disease","6538","3619","2920"
"Iceland","2016","Malignant neoplasms","654","334","320"
"Iceland","2016","Diabetes mellitus","28","19","9"
"Iceland","2016","Cardiovascular diseases","714","377","337"
"Iceland","2016","Chronic obstructive pulmonary disease","145","66","79"
"India","2016","Malignant neoplasms","815148","422514","392633"
"India","2016","Diabetes mellitus","308985","152030","156954"
"India","2016","Cardiovascular diseases","2590089","1504361","1085728"
"India","2016","Chronic obstructive pulmonary disease","1017179","526709","490470"
"Indonesia","2016","Malignant neoplasms","216307","115704","100603"
"Indonesia","2016","Diabetes mellitus","102800","45549","57250"
"Indonesia","2016","Cardiovascular diseases","655055","346228","308827"
"Indonesia","2016","Chronic obstructive pulmonary disease","103704","65242","38462"
"Iran (Islamic Republic of)","2016","Malignant neoplasms","59741","34345","25396"
"Iran (Islamic Republic of)","2016","Diabetes mellitus","14842","6685","8157"
"Iran (Islamic Republic of)","2016","Cardiovascular diseases","160823","87331","73492"
"Iran (Islamic Republic of)","2016","Chronic obstructive pulmonary disease","14552","8681","5871"
"Iraq","2016","Malignant neoplasms","21151","10761","10390"
"Iraq","2016","Diabetes mellitus","7279","3010","4269"
"Iraq","2016","Cardiovascular diseases","51593","24996","26597"
"Iraq","2016","Chronic obstructive pulmonary disease","3569","1889","1680"
"Ireland","2016","Malignant neoplasms","9169","4754","4414"
"Ireland","2016","Diabetes mellitus","572","324","247"
"Ireland","2016","Cardiovascular diseases","8745","4433","4311"
"Ireland","2016","Chronic obstructive pulmonary disease","2735","1405","1330"
"Israel","2016","Malignant neoplasms","12135","6316","5819"
"Israel","2016","Diabetes mellitus","2676","1284","1392"
"Israel","2016","Cardiovascular diseases","10565","5212","5353"
"Israel","2016","Chronic obstructive pulmonary disease","2804","1461","1343"
"Italy","2016","Malignant neoplasms","173529","96685","76844"
"Italy","2016","Diabetes mellitus","22112","9867","12246"
"Italy","2016","Cardiovascular diseases","229802","99197","130605"
"Italy","2016","Chronic obstructive pulmonary disease","41311","22130","19181"
"Jamaica","2016","Malignant neoplasms","3910","2326","1584"
"Jamaica","2016","Diabetes mellitus","2340","888","1452"
"Jamaica","2016","Cardiovascular diseases","5866","2711","3155"
"Jamaica","2016","Chronic obstructive pulmonary disease","639","463","176"
"Japan","2016","Malignant neoplasms","399687","231983","167704"
"Japan","2016","Diabetes mellitus","14446","7414","7032"
"Japan","2016","Cardiovascular diseases","358702","160085","198618"
"Japan","2016","Chronic obstructive pulmonary disease","115041","65861","49180"
"Jordan","2016","Malignant neoplasms","4446","2468","1978"
"Jordan","2016","Diabetes mellitus","2347","1231","1116"
"Jordan","2016","Cardiovascular diseases","13384","7398","5986"
"Jordan","2016","Chronic obstructive pulmonary disease","1042","672","370"
"Kazakhstan","2016","Malignant neoplasms","25981","13506","12476"
"Kazakhstan","2016","Diabetes mellitus","1334","501","832"
"Kazakhstan","2016","Cardiovascular diseases","73860","35063","38797"
"Kazakhstan","2016","Chronic obstructive pulmonary disease","6614","3922","2692"
"Kenya","2016","Malignant neoplasms","27375","13029","14346"
"Kenya","2016","Diabetes mellitus","2288","1426","862"
"Kenya","2016","Cardiovascular diseases","21473","10425","11048"
"Kenya","2016","Chronic obstructive pulmonary disease","3432","1658","1774"
"Kiribati","2016","Malignant neoplasms","75","35","40"
"Kiribati","2016","Diabetes mellitus","82","36","46"
"Kiribati","2016","Cardiovascular diseases","184","106","78"
"Kiribati","2016","Chronic obstructive pulmonary disease","49","32","17"
"Kuwait","2016","Malignant neoplasms","1682","925","757"
"Kuwait","2016","Diabetes mellitus","326","175","152"
"Kuwait","2016","Cardiovascular diseases","4552","3307","1246"
"Kuwait","2016","Chronic obstructive pulmonary disease","312","182","130"
"Kyrgyzstan","2016","Malignant neoplasms","3938","2059","1879"
"Kyrgyzstan","2016","Diabetes mellitus","428","186","242"
"Kyrgyzstan","2016","Cardiovascular diseases","19277","9827","9449"
"Kyrgyzstan","2016","Chronic obstructive pulmonary disease","1509","865","644"
"Lao People's Democratic Republic","2016","Malignant neoplasms","5469","3223","2246"
"Lao People's Democratic Republic","2016","Diabetes mellitus","1696","533","1163"
"Lao People's Democratic Republic","2016","Cardiovascular diseases","12748","5793","6956"
"Lao People's Democratic Republic","2016","Chronic obstructive pulmonary disease","2463","1225","1238"
"Latvia","2016","Malignant neoplasms","5939","3174","2765"
"Latvia","2016","Diabetes mellitus","494","177","317"
"Latvia","2016","Cardiovascular diseases","15901","6420","9481"
"Latvia","2016","Chronic obstructive pulmonary disease","421","296","125"
"Lebanon","2016","Malignant neoplasms","6101","3337","2764"
"Lebanon","2016","Diabetes mellitus","1886","1336","550"
"Lebanon","2016","Cardiovascular diseases","17814","9688","8126"
"Lebanon","2016","Chronic obstructive pulmonary disease","1574","732","842"
"Lesotho","2016","Malignant neoplasms","1277","662","614"
"Lesotho","2016","Diabetes mellitus","1212","444","768"
"Lesotho","2016","Cardiovascular diseases","4057","1499","2558"
"Lesotho","2016","Chronic obstructive pulmonary disease","1103","613","489"
"Liberia","2016","Malignant neoplasms","1874","861","1013"
"Liberia","2016","Diabetes mellitus","606","241","365"
"Liberia","2016","Cardiovascular diseases","4745","2242","2503"
"Liberia","2016","Chronic obstructive pulmonary disease","528","241","286"
"Libya","2016","Malignant neoplasms","4039","2289","1751"
"Libya","2016","Diabetes mellitus","1292","612","680"
"Libya","2016","Cardiovascular diseases","11638","6343","5295"
"Libya","2016","Chronic obstructive pulmonary disease","1132","661","471"
"Lithuania","2016","Malignant neoplasms","8186","4531","3655"
"Lithuania","2016","Diabetes mellitus","307","140","167"
"Lithuania","2016","Cardiovascular diseases","23167","9725","13442"
"Lithuania","2016","Chronic obstructive pulmonary disease","699","479","220"
"Luxembourg","2016","Malignant neoplasms","1137","625","512"
"Luxembourg","2016","Diabetes mellitus","89","44","45"
"Luxembourg","2016","Cardiovascular diseases","1190","554","637"
"Luxembourg","2016","Chronic obstructive pulmonary disease","267","136","131"
"Madagascar","2016","Malignant neoplasms","14977","7925","7052"
"Madagascar","2016","Diabetes mellitus","2174","1190","984"
"Madagascar","2016","Cardiovascular diseases","31096","14871","16225"
"Madagascar","2016","Chronic obstructive pulmonary disease","5953","3036","2917"
"Malawi","2016","Malignant neoplasms","12316","6304","6013"
"Malawi","2016","Diabetes mellitus","1448","822","626"
"Malawi","2016","Cardiovascular diseases","12397","5740","6657"
"Malawi","2016","Chronic obstructive pulmonary disease","1876","990","887"
"Malaysia","2016","Malignant neoplasms","24490","12857","11634"
"Malaysia","2016","Diabetes mellitus","4635","2123","2512"
"Malaysia","2016","Cardiovascular diseases","53977","30443","23534"
"Malaysia","2016","Chronic obstructive pulmonary disease","6300","4230","2069"
"Maldives","2016","Malignant neoplasms","220","133","87"
"Maldives","2016","Diabetes mellitus","42","21","20"
"Maldives","2016","Cardiovascular diseases","460","294","166"
"Maldives","2016","Chronic obstructive pulmonary disease","113","54","58"
"Mali","2016","Malignant neoplasms","7765","2881","4883"
"Mali","2016","Diabetes mellitus","2438","898","1539"
"Mali","2016","Cardiovascular diseases","21979","9045","12935"
"Mali","2016","Chronic obstructive pulmonary disease","5405","3007","2398"
"Malta","2016","Malignant neoplasms","949","528","421"
"Malta","2016","Diabetes mellitus","145","76","69"
"Malta","2016","Cardiovascular diseases","1336","649","686"
"Malta","2016","Chronic obstructive pulmonary disease","197","123","73"
"Mauritania","2016","Malignant neoplasms","1581","717","864"
"Mauritania","2016","Diabetes mellitus","569","207","362"
"Mauritania","2016","Cardiovascular diseases","5152","2293","2859"
"Mauritania","2016","Chronic obstructive pulmonary disease","652","333","319"
"Mauritius","2016","Malignant neoplasms","1227","581","646"
"Mauritius","2016","Diabetes mellitus","2372","1273","1099"
"Mauritius","2016","Cardiovascular diseases","3336","1749","1587"
"Mauritius","2016","Chronic obstructive pulmonary disease","887","497","390"
"Mexico","2016","Malignant neoplasms","80054","39130","40924"
"Mexico","2016","Diabetes mellitus","99623","48674","50949"
"Mexico","2016","Cardiovascular diseases","159256","83248","76009"
"Mexico","2016","Chronic obstructive pulmonary disease","36494","19373","17121"
"Micronesia (Federated States of)","2016","Malignant neoplasms","75","39","36"
"Micronesia (Federated States of)","2016","Diabetes mellitus","60","29","31"
"Micronesia (Federated States of)","2016","Cardiovascular diseases","208","103","105"
"Micronesia (Federated States of)","2016","Chronic obstructive pulmonary disease","39","23","15"
"Mongolia","2016","Malignant neoplasms","3993","2313","1680"
"Mongolia","2016","Diabetes mellitus","95","59","36"
"Mongolia","2016","Cardiovascular diseases","7497","4205","3292"
"Mongolia","2016","Chronic obstructive pulmonary disease","335","198","137"
"Montenegro","2016","Malignant neoplasms","1421","830","591"
"Montenegro","2016","Diabetes mellitus","160","68","92"
"Montenegro","2016","Cardiovascular diseases","3786","1767","2019"
"Montenegro","2016","Chronic obstructive pulmonary disease","186","120","67"
"Morocco","2016","Malignant neoplasms","25995","14486","11509"
"Morocco","2016","Diabetes mellitus","10645","3762","6883"
"Morocco","2016","Cardiovascular diseases","69457","32987","36470"
"Morocco","2016","Chronic obstructive pulmonary disease","6441","3574","2867"
"Mozambique","2016","Malignant neoplasms","20781","9718","11063"
"Mozambique","2016","Diabetes mellitus","2704","1407","1297"
"Mozambique","2016","Cardiovascular diseases","23748","10056","13692"
"Mozambique","2016","Chronic obstructive pulmonary disease","2915","1452","1464"
"Myanmar","2016","Malignant neoplasms","53965","29205","24759"
"Myanmar","2016","Diabetes mellitus","16882","7457","9425"
"Myanmar","2016","Cardiovascular diseases","108199","48085","60115"
"Myanmar","2016","Chronic obstructive pulmonary disease","35749","22361","13388"
"Namibia","2016","Malignant neoplasms","992","533","459"
"Namibia","2016","Diabetes mellitus","831","352","478"
"Namibia","2016","Cardiovascular diseases","3283","1433","1850"
"Namibia","2016","Chronic obstructive pulmonary disease","726","410","316"
"Nepal","2016","Malignant neoplasms","17049","8051","8998"
"Nepal","2016","Diabetes mellitus","6555","2591","3964"
"Nepal","2016","Cardiovascular diseases","55127","32550","22577"
"Nepal","2016","Chronic obstructive pulmonary disease","18952","8539","10413"
"Netherlands","2016","Malignant neoplasms","47314","25746","21569"
"Netherlands","2016","Diabetes mellitus","3030","1447","1584"
"Netherlands","2016","Cardiovascular diseases","38132","17774","20358"
"Netherlands","2016","Chronic obstructive pulmonary disease","10843","5631","5212"
"New Zealand","2016","Malignant neoplasms","9081","4849","4233"
"New Zealand","2016","Diabetes mellitus","880","480","400"
"New Zealand","2016","Cardiovascular diseases","9477","4725","4751"
"New Zealand","2016","Chronic obstructive pulmonary disease","2209","1143","1066"
"Nicaragua","2016","Malignant neoplasms","4122","2025","2097"
"Nicaragua","2016","Diabetes mellitus","1639","642","997"
"Nicaragua","2016","Cardiovascular diseases","7174","3439","3735"
"Nicaragua","2016","Chronic obstructive pulmonary disease","1041","540","500"
"Niger","2016","Malignant neoplasms","5569","2646","2924"
"Niger","2016","Diabetes mellitus","2548","1117","1431"
"Niger","2016","Cardiovascular diseases","22350","10755","11595"
"Niger","2016","Chronic obstructive pulmonary disease","3767","2041","1726"
"Nigeria","2016","Malignant neoplasms","81551","35993","45558"
"Nigeria","2016","Diabetes mellitus","25811","9991","15821"
"Nigeria","2016","Cardiovascular diseases","225602","102745","122857"
"Nigeria","2016","Chronic obstructive pulmonary disease","32984","15299","17684"
"Norway","2016","Malignant neoplasms","11368","6130","5238"
"Norway","2016","Diabetes mellitus","681","352","329"
"Norway","2016","Cardiovascular diseases","11616","5431","6185"
"Norway","2016","Chronic obstructive pulmonary disease","3136","1605","1531"
"Oman","2016","Malignant neoplasms","1270","822","448"
"Oman","2016","Diabetes mellitus","903","539","364"
"Oman","2016","Cardiovascular diseases","4047","2588","1459"
"Oman","2016","Chronic obstructive pulmonary disease","174","113","62"
"Pakistan","2016","Malignant neoplasms","117145","56597","60548"
"Pakistan","2016","Diabetes mellitus","44666","15089","29578"
"Pakistan","2016","Cardiovascular diseases","411569","231308","180261"
"Pakistan","2016","Chronic obstructive pulmonary disease","71484","48550","22934"
"Panama","2016","Malignant neoplasms","3516","1890","1625"
"Panama","2016","Diabetes mellitus","1428","649","779"
"Panama","2016","Cardiovascular diseases","5532","3129","2403"
"Panama","2016","Chronic obstructive pulmonary disease","1303","699","604"
"Papua New Guinea","2016","Malignant neoplasms","6793","3125","3668"
"Papua New Guinea","2016","Diabetes mellitus","2373","952","1420"
"Papua New Guinea","2016","Cardiovascular diseases","13264","7115","6149"
"Papua New Guinea","2016","Chronic obstructive pulmonary disease","3164","1933","1231"
"Paraguay","2016","Malignant neoplasms","5779","3144","2635"
"Paraguay","2016","Diabetes mellitus","2414","950","1464"
"Paraguay","2016","Cardiovascular diseases","10521","5467","5054"
"Paraguay","2016","Chronic obstructive pulmonary disease","1170","742","428"
"Peru","2016","Malignant neoplasms","28549","13560","14989"
"Peru","2016","Diabetes mellitus","6062","3005","3057"
"Peru","2016","Cardiovascular diseases","35815","18790","17025"
"Peru","2016","Chronic obstructive pulmonary disease","9700","5281","4419"
"Philippines","2016","Malignant neoplasms","65916","31743","34173"
"Philippines","2016","Diabetes mellitus","25528","12490","13038"
"Philippines","2016","Cardiovascular diseases","233190","130495","102696"
"Philippines","2016","Chronic obstructive pulmonary disease","42243","26398","15845"
"Poland","2016","Malignant neoplasms","106886","59350","47536"
"Poland","2016","Diabetes mellitus","8721","3821","4900"
"Poland","2016","Cardiovascular diseases","181988","83146","98842"
"Poland","2016","Chronic obstructive pulmonary disease","17892","10640","7251"
"Portugal","2016","Malignant neoplasms","28172","16941","11232"
"Portugal","2016","Diabetes mellitus","4715","2004","2711"
"Portugal","2016","Cardiovascular diseases","31045","13891","17154"
"Portugal","2016","Chronic obstructive pulmonary disease","7155","3723","3432"
"Qatar","2016","Malignant neoplasms","640","440","199"
"Qatar","2016","Diabetes mellitus","359","262","97"
"Qatar","2016","Cardiovascular diseases","1054","843","211"
"Qatar","2016","Chronic obstructive pulmonary disease","55","43","11"
"Republic of Korea","2016","Malignant neoplasms","84573","52527","32046"
"Republic of Korea","2016","Diabetes mellitus","11986","5793","6193"
"Republic of Korea","2016","Cardiovascular diseases","63568","29376","34192"
"Republic of Korea","2016","Chronic obstructive pulmonary disease","16740","9663","7077"
"Republic of Moldova","2016","Malignant neoplasms","7119","4137","2982"
"Republic of Moldova","2016","Diabetes mellitus","475","190","285"
"Republic of Moldova","2016","Cardiovascular diseases","27384","12151","15233"
"Republic of Moldova","2016","Chronic obstructive pulmonary disease","1007","636","371"
"North Macedonia","2016","Malignant neoplasms","3989","2416","1572"
"North Macedonia","2016","Diabetes mellitus","927","382","545"
"North Macedonia","2016","Cardiovascular diseases","12234","5992","6242"
"North Macedonia","2016","Chronic obstructive pulmonary disease","911","545","365"
"Romania","2016","Malignant neoplasms","52259","30959","21301"
"Romania","2016","Diabetes mellitus","2705","1253","1453"
"Romania","2016","Cardiovascular diseases","145284","67674","77610"
"Romania","2016","Chronic obstructive pulmonary disease","9349","5920","3429"
"Russian Federation","2016","Malignant neoplasms","359090","193631","165459"
"Russian Federation","2016","Diabetes mellitus","9812","3136","6676"
"Russian Federation","2016","Cardiovascular diseases","1022790","448096","574693"
"Russian Federation","2016","Chronic obstructive pulmonary disease","33346","22817","10529"
"Rwanda","2016","Malignant neoplasms","8529","4234","4295"
"Rwanda","2016","Diabetes mellitus","1435","807","628"
"Rwanda","2016","Cardiovascular diseases","9139","4178","4961"
"Rwanda","2016","Chronic obstructive pulmonary disease","1721","812","908"
"Saint Lucia","2016","Malignant neoplasms","256","139","117"
"Saint Lucia","2016","Diabetes mellitus","116","49","67"
"Saint Lucia","2016","Cardiovascular diseases","442","208","234"
"Saint Lucia","2016","Chronic obstructive pulmonary disease","65","44","21"
"Saint Vincent and the Grenadines","2016","Malignant neoplasms","166","98","69"
"Saint Vincent and the Grenadines","2016","Diabetes mellitus","96","46","50"
"Saint Vincent and the Grenadines","2016","Cardiovascular diseases","318","167","150"
"Saint Vincent and the Grenadines","2016","Chronic obstructive pulmonary disease","29","21","8"
"Samoa","2016","Malignant neoplasms","144","75","69"
"Samoa","2016","Diabetes mellitus","82","45","38"
"Samoa","2016","Cardiovascular diseases","322","188","134"
"Samoa","2016","Chronic obstructive pulmonary disease","52","35","16"
"Sao Tome and Principe","2016","Malignant neoplasms","111","56","54"
"Sao Tome and Principe","2016","Diabetes mellitus","13","7","6"
"Sao Tome and Principe","2016","Cardiovascular diseases","209","84","126"
"Sao Tome and Principe","2016","Chronic obstructive pulmonary disease","76","39","36"
"Saudi Arabia","2016","Malignant neoplasms","10845","6116","4729"
"Saudi Arabia","2016","Diabetes mellitus","3737","2150","1588"
"Saudi Arabia","2016","Cardiovascular diseases","42440","25897","16542"
"Saudi Arabia","2016","Chronic obstructive pulmonary disease","3031","1651","1381"
"Senegal","2016","Malignant neoplasms","5880","2535","3345"
"Senegal","2016","Diabetes mellitus","2167","890","1278"
"Senegal","2016","Cardiovascular diseases","16236","7290","8947"
"Senegal","2016","Chronic obstructive pulmonary disease","2736","1554","1182"
"Serbia","2016","Malignant neoplasms","23521","13612","9909"
"Serbia","2016","Diabetes mellitus","3063","1379","1683"
"Serbia","2016","Cardiovascular diseases","57465","26130","31335"
"Serbia","2016","Chronic obstructive pulmonary disease","5514","3261","2252"
"Seychelles","2016","Malignant neoplasms","143","86","57"
"Seychelles","2016","Diabetes mellitus","21","9","12"
"Seychelles","2016","Cardiovascular diseases","265","144","121"
"Seychelles","2016","Chronic obstructive pulmonary disease","30","19","11"
"Sierra Leone","2016","Malignant neoplasms","2512","1101","1412"
"Sierra Leone","2016","Diabetes mellitus","1433","494","938"
"Sierra Leone","2016","Cardiovascular diseases","12714","5880","6835"
"Sierra Leone","2016","Chronic obstructive pulmonary disease","1918","949","969"
"Singapore","2016","Malignant neoplasms","8435","4671","3764"
"Singapore","2016","Diabetes mellitus","400","173","227"
"Singapore","2016","Cardiovascular diseases","8184","4523","3662"
"Singapore","2016","Chronic obstructive pulmonary disease","865","615","250"
"Slovakia","2016","Malignant neoplasms","14672","8418","6254"
"Slovakia","2016","Diabetes mellitus","944","430","514"
"Slovakia","2016","Cardiovascular diseases","20548","9653","10895"
"Slovakia","2016","Chronic obstructive pulmonary disease","1335","855","480"
"Slovenia","2016","Malignant neoplasms","6266","3560","2706"
"Slovenia","2016","Diabetes mellitus","340","160","180"
"Slovenia","2016","Cardiovascular diseases","7988","3196","4792"
"Slovenia","2016","Chronic obstructive pulmonary disease","742","410","332"
"Solomon Islands","2016","Malignant neoplasms","368","173","195"
"Solomon Islands","2016","Diabetes mellitus","206","96","110"
"Solomon Islands","2016","Cardiovascular diseases","804","454","350"
"Solomon Islands","2016","Chronic obstructive pulmonary disease","181","120","61"
"Somalia","2016","Malignant neoplasms","6028","2502","3526"
"Somalia","2016","Diabetes mellitus","1887","1055","832"
"Somalia","2016","Cardiovascular diseases","15981","7868","8114"
"Somalia","2016","Chronic obstructive pulmonary disease","2296","1316","980"
"South Africa","2016","Malignant neoplasms","50805","25257","25548"
"South Africa","2016","Diabetes mellitus","37228","16981","20247"
"South Africa","2016","Cardiovascular diseases","97559","48431","49127"
"South Africa","2016","Chronic obstructive pulmonary disease","23526","14255","9271"
"South Sudan","2016","Malignant neoplasms","8321","3992","4329"
"South Sudan","2016","Diabetes mellitus","1634","888","746"
"South Sudan","2016","Cardiovascular diseases","12205","5750","6455"
"South Sudan","2016","Chronic obstructive pulmonary disease","1823","944","879"
"Spain","2016","Malignant neoplasms","110013","67096","42917"
"Spain","2016","Diabetes mellitus","10074","4358","5715"
"Spain","2016","Cardiovascular diseases","118199","53742","64458"
"Spain","2016","Chronic obstructive pulmonary disease","43187","24290","18897"
"Sri Lanka","2016","Malignant neoplasms","20406","10716","9691"
"Sri Lanka","2016","Diabetes mellitus","12399","5450","6949"
"Sri Lanka","2016","Cardiovascular diseases","48601","26426","22175"
"Sri Lanka","2016","Chronic obstructive pulmonary disease","11831","6254","5577"
"Sudan","2016","Malignant neoplasms","17653","9173","8480"
"Sudan","2016","Diabetes mellitus","5774","2485","3289"
"Sudan","2016","Cardiovascular diseases","80311","39881","40430"
"Sudan","2016","Chronic obstructive pulmonary disease","8730","4548","4182"
"Suriname","2016","Malignant neoplasms","627","328","299"
"Suriname","2016","Diabetes mellitus","254","124","130"
"Suriname","2016","Cardiovascular diseases","1326","729","598"
"Suriname","2016","Chronic obstructive pulmonary disease","97","60","36"
"Sweden","2016","Malignant neoplasms","23324","12255","11069"
"Sweden","2016","Diabetes mellitus","2124","1155","968"
"Sweden","2016","Cardiovascular diseases","31646","15175","16471"
"Sweden","2016","Chronic obstructive pulmonary disease","5214","2437","2777"
"Switzerland","2016","Malignant neoplasms","18188","10081","8107"
"Switzerland","2016","Diabetes mellitus","1381","676","705"
"Switzerland","2016","Cardiovascular diseases","21325","9648","11677"
"Switzerland","2016","Chronic obstructive pulmonary disease","3625","1938","1687"
"Syrian Arab Republic","2016","Malignant neoplasms","14195","7489","6706"
"Syrian Arab Republic","2016","Diabetes mellitus","1322","549","774"
"Syrian Arab Republic","2016","Cardiovascular diseases","37885","19659","18226"
"Syrian Arab Republic","2016","Chronic obstructive pulmonary disease","2742","1508","1234"
"Tajikistan","2016","Malignant neoplasms","4555","2424","2131"
"Tajikistan","2016","Diabetes mellitus","809","423","386"
"Tajikistan","2016","Cardiovascular diseases","19166","10074","9092"
"Tajikistan","2016","Chronic obstructive pulmonary disease","1775","959","815"
"Thailand","2016","Malignant neoplasms","94760","55397","39363"
"Thailand","2016","Diabetes mellitus","23929","9619","14310"
"Thailand","2016","Cardiovascular diseases","124722","67182","57539"
"Thailand","2016","Chronic obstructive pulmonary disease","30746","19781","10965"
"Timor-Leste","2016","Malignant neoplasms","838","448","389"
"Timor-Leste","2016","Diabetes mellitus","104","40","64"
"Timor-Leste","2016","Cardiovascular diseases","1318","661","657"
"Timor-Leste","2016","Chronic obstructive pulmonary disease","264","141","123"
"Togo","2016","Malignant neoplasms","3336","1431","1905"
"Togo","2016","Diabetes mellitus","992","433","559"
"Togo","2016","Cardiovascular diseases","10519","5113","5405"
"Togo","2016","Chronic obstructive pulmonary disease","1664","832","832"
"Tonga","2016","Malignant neoplasms","122","66","56"
"Tonga","2016","Diabetes mellitus","82","35","46"
"Tonga","2016","Cardiovascular diseases","155","89","66"
"Tonga","2016","Chronic obstructive pulmonary disease","39","26","13"
"Trinidad and Tobago","2016","Malignant neoplasms","1874","987","887"
"Trinidad and Tobago","2016","Diabetes mellitus","1860","894","966"
"Trinidad and Tobago","2016","Cardiovascular diseases","3945","1989","1956"
"Trinidad and Tobago","2016","Chronic obstructive pulmonary disease","405","241","164"
"Tunisia","2016","Malignant neoplasms","8323","5219","3104"
"Tunisia","2016","Diabetes mellitus","3523","1660","1863"
"Tunisia","2016","Cardiovascular diseases","31987","17113","14874"
"Tunisia","2016","Chronic obstructive pulmonary disease","3115","1698","1418"
"Turkey","2016","Malignant neoplasms","102561","65383","37178"
"Turkey","2016","Diabetes mellitus","21788","9523","12265"
"Turkey","2016","Cardiovascular diseases","156616","81368","75248"
"Turkey","2016","Chronic obstructive pulmonary disease","30282","19850","10432"
"Turkmenistan","2016","Malignant neoplasms","4528","2452","2076"
"Turkmenistan","2016","Diabetes mellitus","691","307","384"
"Turkmenistan","2016","Cardiovascular diseases","18449","9713","8736"
"Turkmenistan","2016","Chronic obstructive pulmonary disease","467","268","199"
"Uganda","2016","Malignant neoplasms","25573","13618","11955"
"Uganda","2016","Diabetes mellitus","4564","2572","1992"
"Uganda","2016","Cardiovascular diseases","29643","13202","16441"
"Uganda","2016","Chronic obstructive pulmonary disease","5447","2554","2894"
"Ukraine","2016","Malignant neoplasms","97076","54159","42917"
"Ukraine","2016","Diabetes mellitus","2546","1013","1533"
"Ukraine","2016","Cardiovascular diseases","402391","170239","232152"
"Ukraine","2016","Chronic obstructive pulmonary disease","13068","8904","4164"
"United Arab Emirates","2016","Malignant neoplasms","1803","1083","720"
"United Arab Emirates","2016","Diabetes mellitus","707","522","185"
"United Arab Emirates","2016","Cardiovascular diseases","5970","4787","1183"
"United Arab Emirates","2016","Chronic obstructive pulmonary disease","825","716","109"
"United Kingdom of Great Britain and Northern Ireland","2016","Malignant neoplasms","168188","89353","78835"
"United Kingdom of Great Britain and Northern Ireland","2016","Diabetes mellitus","6553","3180","3374"
"United Kingdom of Great Britain and Northern Ireland","2016","Cardiovascular diseases","150442","76363","74079"
"United Kingdom of Great Britain and Northern Ireland","2016","Chronic obstructive pulmonary disease","50026","25576","24450"
"United Republic of Tanzania","2016","Malignant neoplasms","27207","13086","14121"
"United Republic of Tanzania","2016","Diabetes mellitus","6444","3498","2946"
"United Republic of Tanzania","2016","Cardiovascular diseases","51617","24517","27099"
"United Republic of Tanzania","2016","Chronic obstructive pulmonary disease","6997","3411","3586"
"United States of America","2016","Malignant neoplasms","627709","331774","295935"
"United States of America","2016","Diabetes mellitus","84332","46499","37833"
"United States of America","2016","Cardiovascular diseases","837250","432100","405150"
"United States of America","2016","Chronic obstructive pulmonary disease","246944","121715","125229"
"Uruguay","2016","Malignant neoplasms","8615","4706","3908"
"Uruguay","2016","Diabetes mellitus","934","447","487"
"Uruguay","2016","Cardiovascular diseases","9233","4242","4991"
"Uruguay","2016","Chronic obstructive pulmonary disease","2671","1449","1222"
"Uzbekistan","2016","Malignant neoplasms","13846","6734","7113"
"Uzbekistan","2016","Diabetes mellitus","5714","2783","2931"
"Uzbekistan","2016","Cardiovascular diseases","98917","52073","46845"
"Uzbekistan","2016","Chronic obstructive pulmonary disease","3554","2031","1522"
"Vanuatu","2016","Malignant neoplasms","200","109","92"
"Vanuatu","2016","Diabetes mellitus","79","38","40"
"Vanuatu","2016","Cardiovascular diseases","440","248","193"
"Vanuatu","2016","Chronic obstructive pulmonary disease","87","59","28"
"Venezuela (Bolivarian Republic of)","2016","Malignant neoplasms","28570","14565","14005"
"Venezuela (Bolivarian Republic of)","2016","Diabetes mellitus","14933","7678","7255"
"Venezuela (Bolivarian Republic of)","2016","Cardiovascular diseases","54182","30587","23595"
"Venezuela (Bolivarian Republic of)","2016","Chronic obstructive pulmonary disease","7212","3742","3470"
"Viet Nam","2016","Malignant neoplasms","102283","57150","45133"
"Viet Nam","2016","Diabetes mellitus","20754","7322","13432"
"Viet Nam","2016","Cardiovascular diseases","172313","95343","76969"
"Viet Nam","2016","Chronic obstructive pulmonary disease","30627","18082","12545"
"Yemen","2016","Malignant neoplasms","10454","5225","5229"
"Yemen","2016","Diabetes mellitus","3854","1585","2269"
"Yemen","2016","Cardiovascular diseases","56793","28574","28219"
"Yemen","2016","Chronic obstructive pulmonary disease","6395","3476","2919"
"Zambia","2016","Malignant neoplasms","8024","3661","4363"
"Zambia","2016","Diabetes mellitus","1475","829","646"
"Zambia","2016","Cardiovascular diseases","12483","5533","6950"
"Zambia","2016","Chronic obstructive pulmonary disease","1910","933","977"
"Zimbabwe","2016","Malignant neoplasms","8872","4136","4736"
"Zimbabwe","2016","Diabetes mellitus","3590","1490","2100"
"Zimbabwe","2016","Cardiovascular diseases","14184","5480","8704"
"Zimbabwe","2016","Chronic obstructive pulmonary disease","2970","1345","1625"
